,PC1_admission,PC2_admission,PC3_admission,PC4_admission,PC5_admission,PC6_admission
0,0.5717330680133894,0.19373355869401737,1.005082910653621,1.764012002186558,-1.2118871832402072,2.8212898535407973
1,-0.19300735999087124,0.4894676697776937,-0.09895518451782158,0.7268422268327223,-0.42798022900248056,1.340100192569815
2,-0.3332986599572646,0.6384751996086601,-0.8651929125209512,0.44076202721340324,-0.26676464704993985,-0.6339125987204137
3,0.9138478224887149,-0.1588835882862212,-0.1355571776814843,1.1763220911205343,-0.7823579185676327,-0.30201781816028417
4,-0.08375185443238481,-0.2129553004833452,-0.21507002864355973,-1.2000260325929502,1.2207213245179618,-0.9610447524580319
5,1.7848902512811327,0.25469617573554426,0.5589281541711253,1.3497555049799557,-1.2674308970664576,1.3982856049193098
6,-0.44779098055788097,0.8260736725582731,-0.5448887348695446,0.7444156628780392,-0.6206124984794784,0.20873229296917115
7,-1.3714842612326072,0.07571786946925958,0.15748933444376167,-1.2707456521070744,1.3433144083644164,-1.015298361473236
8,0.1896460487692684,-1.2020482908818901,-0.40669014954092886,-1.141649085595564,1.0289030709835973,-2.8091399456818222
9,0.6114779017959443,-0.027336866861532777,1.0356751943809752,-0.48109991580212697,0.8704970567923265,-0.10800250984493777
10,-0.3116928255309228,0.5820662560064406,-0.21779814585368734,0.9006752626508524,-0.2031764222643476,0.4040496617496609
11,-0.014417907358825689,0.5323873365676064,0.1385074072415321,0.9929783459373296,-0.7573472254146228,1.6861474579780136
12,0.06822100543054643,0.46927378584506096,0.20209568786004306,1.0656441384187187,-0.8362082472285052,1.8500124034682286
13,-0.3632068653718741,0.21363328770884452,-0.3002232427038598,0.7758099596794807,-1.0304233403455996,-1.2717177197952894
14,0.7013487549046369,-0.24255099744052022,-0.6681026807277555,0.6466970602596829,-0.48087780156957727,-1.655940704240879
15,0.5560878422006972,-0.17535008981344266,0.6693870069091007,-0.8208934749596003,0.914161038628798,-1.1374117753797908
16,0.37358733116562426,-0.4310446062087259,1.1272990691622047,-0.5502492942345665,0.8096228076705367,-0.3089481355330807
17,0.030196120226738142,0.5360899476232859,-0.033603456880662894,1.0231876727595521,-0.3891887653228699,-0.9345703605051922
18,0.46609938083780755,-0.4434151664834799,1.265784431784131,-0.3901432375233375,0.5274406768333059,-0.09051660207177875
19,-0.1421806138282643,-0.7221517727698472,0.1848156447757523,-1.3717183754474316,0.9252604079757101,-1.071696223903514
20,0.6916546009911265,0.2892270378508185,-0.831850304946256,0.6507608548328156,-0.7529869547386465,-1.7783411039026764
21,1.8991760539409095,0.6224479930762714,0.8668413911905039,-0.45474260567959246,0.1604337708827347,-0.4652327111997772
22,0.1326223896334059,0.5138420998236045,0.7926690520359356,1.2227747593378329,-1.3235043658927832,2.7658346768883444
23,0.8355407048621141,0.40777523980464053,1.0975753160152568,1.6054787192229183,-1.4955952880643082,2.9321978004957128
24,1.885591375586015,0.19107057784063297,0.5352225613314161,1.4680369870786856,-1.5159863258716644,2.578722123515956
25,1.0734312754924342,0.8114829791518339,1.0059514412340276,1.6746280976553578,-1.4347210389425182,3.1331434261838558
26,0.95129682413995,0.5578153050445611,1.3217136478642972,-0.7542344566686892,0.564417866044148,0.6910932971071151
27,-0.5944115364653919,-0.013710454193125164,-2.4037072333420175,-0.46798295746858304,-0.11091106656558544,-2.59694941934331
28,-0.8390171219778286,-0.5512288158667612,-0.9352238435528494,-1.8026235881086388,1.814265503824961,-3.7841105583776815
29,0.22869925717816053,0.4413801322064536,-0.7377526381316145,-1.5089266183642236,1.502396831304478,-2.725799820631208
30,-0.8834347905232502,-0.7368350610527398,-1.4526110044355358,-0.03236439875058667,0.072694594274646,-1.8135795203822618
31,-0.37468397930429725,0.6367282394261152,0.062453675047453375,1.0016427237763268,0.1738821318147166,0.2245385127866924
32,0.7141360724916593,0.703250180777577,0.07827764523857818,1.3027378284111397,-1.2032518352438257,2.799530030916126
33,1.5129771659101852,0.578537068733582,0.47122372270561264,1.3133411874844527,-0.8603635351037017,2.7069567796431047
34,0.49104770257548436,0.261603707591908,0.07330244424753997,0.8018532310165704,-0.8700899404925243,3.198104307086892
35,-0.30019267527677174,0.46099695565866433,0.3316563334968128,0.7158927732885595,-0.9220450167026583,2.0178077746082677
36,-1.5796023903595093,-0.8195522804971782,0.6812960898685843,-1.0161665030681062,0.5783406266324931,-0.8164616004367048
37,-0.20251740517293568,-0.6961926844876126,-1.0085750271992047,-1.4687308639438446,0.6814885791744996,-2.540479706666995
38,-0.09099645160516626,-0.5657114670559624,0.4440115931620057,-0.601525112957675,0.8276976664005913,-3.2974411154813343
39,-1.2067467760246509,0.2107316612319003,1.0608811143875951,-0.5907003516234032,0.6109463002229137,-1.5225358298807679
40,-0.2517202958550011,0.3295704083165293,-0.555190082282446,0.6846359437659741,-1.1148760142698717,-1.1436890632258367
41,0.21319126607567465,-0.20485115230021242,-0.9632126482878398,0.7205488378348949,-0.33307999299255014,-1.1974718480623383
42,0.6486981147752557,-0.7569171748112946,-0.9854196930503561,0.7730299014508372,-0.6609215875276985,-1.2709747346414426
43,0.6537732422680651,0.4593862766739543,2.0783152502699376,0.10846289267549995,0.14665893378726247,1.6884651876128927
44,0.8718909410181194,0.27421315656482814,0.3265261249579655,0.9996306156922591,-1.1297417621054118,1.921684015588142
45,0.5174242015745344,0.3729881833486788,0.42817666368272633,0.9165273862765179,-0.910366577251167,1.3293438165335851
46,0.2144622904491664,0.854414714168449,0.11224218037401902,0.8391997207702708,-1.1033454851329052,2.674511947846295
47,1.5754923773999734,0.4189472431494482,2.1701409615203318,0.12836367439617807,0.001969350727326066,2.8008084031099236
48,-1.024702706738353,0.2791849066724871,-0.24672770242027214,0.8027343559188356,-0.6958146330854633,1.4876421737947856
49,0.2651719499128667,1.239217609216069,-0.4628806298792834,0.7431683304890474,-0.7724369844586556,0.879498212759194
50,-1.0546511546598754,0.35499348553745474,-1.552862193006572,-0.2253755755678391,0.2822428827223643,0.12509451395202797
51,-0.7268178282235895,0.29137157844363426,-1.936365403110093,-0.08425737325039324,0.10676197049796635,-0.9902602407662382
52,1.0014418762120514,1.6945328214190978,0.64309845498228,1.6608033435297422,-1.091664917260626,0.0653794126359899
53,1.0818360043494224,1.0011366087966334,0.18601843129744422,1.2353480814628806,-0.9952476299078574,-0.6195687247185185
54,0.0011248464064130266,0.9158073755038967,0.773680902248232,-0.6435212649903629,0.6844635638601866,-0.30419891279489086
55,0.16411258275052767,0.898808006581644,0.47866170591937995,-0.937381455443031,1.3309172954445174,-1.1983262968779924
56,0.03711581068545005,1.2203801135681185,-0.3167781673004052,-1.43236139207042,1.3145317851656937,-1.5386131305214141
57,-0.41112095759096706,-0.6090457538735911,0.4869389762633313,-1.0630673216433755,1.204545266887753,-3.168946046742345
58,-1.0598098744467754,0.21334834018998095,-1.1075757011013787,0.4965692657503187,-0.006144961916975978,-3.9406626225636767
59,0.6517137478408379,-0.6728925735797009,-0.24934076226029622,-1.118333945713058,0.9807128974781518,-1.6036436924051607
60,-0.4617678167530813,-0.43597458443266074,0.16865853953560428,-1.1531735599429047,1.4129676965917217,-1.4609664061016858
61,-0.21463242244048705,-0.30691965848078123,0.6140068713894754,-1.115022601016779,1.1654830914650778,-1.3301383408225023
62,-0.664186725913335,-0.5227053588114743,-1.032141584597991,0.44097684589144953,-0.6337270812490289,-1.3539822066815674
63,-0.29412931570186907,-0.586406135648809,0.021809984773355065,1.2004908117982427,-0.522854593780717,-0.7419970216586793
64,0.4139069283093114,0.18892650057398386,0.8677858176247892,-0.5233608801184344,0.6303154344038198,0.5394901946411181
65,0.8540315920662207,0.2957221443474831,1.045770366291392,-0.5916782452713858,0.42179393391046643,0.9279783169557081
66,1.033175890689022,-0.19603657766803673,1.0398414253186692,-0.26995530854434585,0.3398743564916386,0.6881858288471808
67,-0.5230538707145267,-0.5281512392486098,-0.29218175017120335,0.9944849358508665,-0.4881642458953168,-0.1706045500061657
68,-0.17679330505562574,-0.5722534194918009,-0.3711295091733161,0.7897084687292083,-0.7471222722285726,1.0751392471320866
69,0.43334223021978535,0.27694902109148783,0.6491320743076379,1.4291568889917243,-1.158302269210653,1.598716680011129
70,0.3397248916366497,0.5270631074900396,0.9862709414156781,1.43275553845611,-1.42205133165022,3.102398312569429
71,0.49859792208777176,0.36165201498102556,0.8813726450055372,1.293495097072148,-0.7062695526623594,3.200362553419349
72,-0.15202683233080228,0.21533444281818775,0.3870835474369886,0.7846597926415488,-1.0087383534058163,2.3341705421996517
73,-0.12988343240529485,-0.2196119456319317,-0.04860516966135463,0.6846071883610355,-0.8327075991198383,0.7969052496435488
74,-1.087500713071026,-0.13248156817725562,0.2803986558923885,-1.2965717908343253,0.8943211684967238,1.207270775028003
75,-0.26025136628039874,0.48871647358118553,-0.6010903874459042,1.1458983137600887,-0.8389838636728048,0.918762600003523
76,0.7915511432391852,0.19250072436124047,-0.243433387672853,1.186275113088315,-0.8342049869427799,0.37210829528485556
77,0.10684141345080607,-1.1492359510612857,-0.10004374309868137,-1.3174257041788784,1.2346085358108605,-2.302214553452467
78,-0.4807466484963994,-0.5150555794419306,-1.5954431895203034,-0.09648286711112415,0.14358678599941047,-3.2337686748283088
79,-0.7306071772224617,-0.7218106076731217,-1.2995052633947537,-2.0047661123781633,1.7670767632825182,-3.5905337257603125
80,0.08600151342882492,0.48328420886486273,-1.589186620519951,0.09237784514104468,-0.5279728326438883,-0.922619965684437
81,0.14896714640412745,0.6073852367311453,1.4929188840606205,2.0489516843823905,-1.2877069262711245,3.0905948123498903
82,0.10517727297839155,0.2985887917164583,0.3445275500708531,0.7828458098705494,-0.9478819532158835,1.7098250091142455
83,0.4041185854825098,0.4361984872934509,-0.060677501647642004,0.7280193194684561,-1.429079125162774,2.190063504837535
84,0.9832215031288108,0.8671744651502805,0.8268698029038242,1.4599262102091584,-0.9185859514948717,2.844229134154974
85,0.3468515646969276,0.06980858904053776,1.1813883044029512,-0.834792634634529,1.2038148719862385,0.07694264052707098
86,-0.2908669231214151,-0.10136962400197123,1.3519600903401712,-0.5508152839325594,0.9054673546254693,-0.42824002168776193
87,-0.14897000435867566,-0.2690701386010881,0.9976444837350897,-0.43301343279549553,0.9269268401712499,-0.873483393330352
88,-0.43732844677448807,0.2569171669337814,1.4105107127407854,-0.4876421523151093,0.6887454907714597,-0.693252471742751
89,0.21740467246521702,0.07487783414997665,0.08119762274245047,0.8661675882188835,-0.8884983084515686,0.2810430074738529
90,-1.2436495564866423,0.4698577470327872,0.08274020287265284,1.1315347171377899,-0.2572606047692734,-0.5975576339087005
91,-1.2841150166164899,0.006422103014019634,0.8749812453732602,-1.2628211778688918,1.4225720540558304,-2.070937213679215
92,-1.0214797080520268,-0.8815876691825948,0.3981766598547594,-1.252909682724595,1.3333384411061473,-2.102437300489514
93,-0.945523230509357,-0.4358823211475974,-1.4090609892382844,0.004898644289802399,0.11220306540289252,-2.002326556026748
94,0.09028872670055581,0.25799371684722444,-0.8398561399808372,-1.9128897407155296,1.2168708209196344,-2.1383629406274816
95,0.6920218203230721,0.5613860724875711,-1.2761065187629594,-2.281500571543163,1.0168326229475833,-1.6239666158092774
96,-0.6075056095881862,-0.41391806275057363,0.07935789844741435,-1.2452089052135125,1.334126011979312,-1.6673809311474788
97,0.13362707386289424,0.397685273442177,0.7894919816345833,1.8539097377732825,-1.4767251765673217,1.4990106748682999
98,0.15494179597701843,0.4946495431277597,1.2309319448802987,1.8271035590725866,-1.4214315948044995,2.1913346574503274
99,-0.20801839525901236,0.05173015628037421,0.27906115763219463,1.2975894190207693,-0.9850926680364601,0.9473639510177282
100,0.014034366476697618,0.2967070776601511,-0.2643960249325753,0.9156742311573146,-0.41682575846498066,0.05926696582314444
101,-0.2537626009625702,-0.17646282028075677,0.1255586232114574,-1.0068971989097133,0.9768706478834676,-1.1336386571021198
102,-0.7382304326282888,-0.2768576887230624,1.1771232763801378,-0.47162222015955746,0.9816964530200808,-0.773528679420313
103,-1.0191095336168983,-0.4149794314724187,1.4950344546404128,-0.37118004014012346,1.2931992179756469,-0.23719560203717321
104,0.8291603885082311,-0.2996726176819952,0.03102764621510369,1.3125919602342617,-0.8686439602865885,0.6068581413235159
105,-0.9012698146268925,0.0028834460885427114,-0.06286626820171003,0.8807414345980149,-0.8462443650817612,0.8477496053739092
106,0.059717580484329895,0.32240574303883507,0.5158708600149038,1.217828493567884,-0.699890655997229,1.8731487922271863
107,0.6628779992809946,0.5475077374548967,0.36156050888152336,1.4238971775253553,-1.093911011317955,2.7674169399577013
108,0.18225401823883552,0.7595240559144812,0.8939392575856835,1.3205283051967607,-1.2331752861094358,2.748585729519092
109,-0.22970231612594164,0.08316544732264525,0.8473158989199637,-1.4812376046771096,0.7139621183290882,-0.001279789623312023
110,0.8424980139537779,0.3912249268535802,-0.19322041521389188,-1.7577436262372441,0.14919685374098302,-0.38592714012791085
111,0.02844485019715915,0.5337282568518521,-0.09450274479777658,0.792059282668104,-0.7302362615659952,0.7684377537935605
112,-0.7527593867635292,-0.25475325742123395,-0.921056637039467,0.2563515581665803,-0.9990025016570476,-0.7959764640395601
113,-0.3789554910776199,-0.353353990078133,1.4995339403325694,-0.11553010145282212,0.7269939066127347,-0.13973471717903127
114,0.02223082513847103,-0.24529116776021354,-0.6721746351189097,0.548973491162383,-0.5460069585074006,-0.717862756538364
115,-0.6724604904966642,-0.26514368228195556,-0.26378341340536177,0.40351468132380874,-0.7166781660644038,0.9309887230310675
116,-0.6949952677434448,-0.9203310519180312,0.36200146100847974,-1.4020506462770428,0.8425160754662824,-0.8268768306773259
117,-0.0030138785498844203,0.6029783909798189,-1.223768131488066,-2.3719319550066778,0.248550401254633,-2.455820296457929
118,-1.6637817094512304,0.24287114119630043,-0.2486813886530369,-1.653136223831916,1.2179635462477416,-2.447502330483388
119,1.231075531434392,0.7945858743505594,-0.9064904462060692,0.22040559034703155,-0.2147672672607812,1.010896572976993
120,0.4018937998424329,0.6986938451255723,1.0479163215161624,1.4857492793658775,-1.2321503146590052,3.098532157108278
121,0.8119668174643375,0.7328650808292145,0.7855490491608277,1.4447579293307424,-1.4949210882632773,2.774363253894017
122,1.1529076009757868,0.2800642146151923,-0.8902242661567817,-1.8434264709863475,0.5478437266719031,-0.7221091146552758
123,-0.46142254248858583,0.07497487418103942,0.568683776799539,-1.0118685336569964,0.4948154096801791,-0.6897610689521242
124,0.35310358700042377,-0.12936780763763067,-0.5464008011746447,-1.8647840453872493,0.3363293640717889,-0.7278673525686485
125,-0.06731245103288082,-0.8210199845439253,-2.1902152855177057,-0.5213956902062252,-0.3893408484341337,-0.8273763025605562
126,0.7774599816689051,-0.7598834039185163,0.28304074630471543,1.4210987638423498,-1.0576527141009788,0.7380592789661302
127,1.3808392125806588,-0.27982868328966987,-0.7916100361668609,0.9026830471980452,-1.1182498913678498,-0.5081924114213808
128,0.8510026985604298,-0.36052227172130413,0.02830729065565875,1.3112923691914617,-0.871254731916347,0.657690748690571
129,0.24705721757746377,0.9132053630502179,1.0336294543961526,1.4718380089564187,-1.3788877802403114,2.842485626611063
130,1.15222180959937,0.48867221600209193,0.41697877538187655,1.2101647806963138,-0.8719464524149162,3.163020494887969
131,-0.6461114657105437,0.2265925471568801,0.8761291002779784,-1.493074974107009,0.5068904068838009,0.3568526914914696
132,0.5295416006211747,0.43132498232257405,0.12643966834681486,-1.6658378809608207,0.5976914097288563,0.015707779412488836
133,0.2706535580501871,1.0249718823687264,1.1148133149172674,-0.8923941179334559,0.3272736474710746,1.5099871155825209
134,1.130125743429723,0.7101035244360276,0.23012230213449958,1.057124540878968,-0.9381415738627353,2.1099297411144793
135,-0.09783078458196663,0.24905040790746052,-0.6444583712706182,0.40246713114608357,-0.9418963775706297,0.6813503154736881
136,-0.8637897162112004,-0.23291974941890997,1.4532773743104697,-0.6784238447778211,1.1604251505419385,-0.32185276690834197
137,-0.0805338947435955,-0.030257876358548673,-1.810230090278615,0.10263699613443404,0.18047763399113595,-0.9145807438161505
138,0.3053332867236465,-0.7559131452873921,0.9986715187077759,2.0923290021892997,-1.1490395043906787,0.4114627483318707
139,-0.5463755665073624,-1.4758327611292266,1.2159509434672375,-0.13057604147168816,0.8387452177672371,0.19493296189133286
140,0.4808785597109,-0.8363374826376647,0.5409172958053994,1.7563843189155726,-0.46948122510027546,0.4895068708575247
141,0.2449966811259021,-0.7085743423401885,1.2338579551946407,2.2942877382927653,-1.1740618509354999,1.2885063666226777
142,1.5384918482267156,0.36163079536719245,0.24711270367412275,1.1447893018668194,-1.2306519318772506,1.9290119906781773
143,1.1982408761430643,-0.12253709860041148,1.173990783640932,2.0065418751405955,-1.3700358590536466,2.9267860231648206
144,0.0201115508505929,-0.4344518265395024,-0.16212109543786019,1.3222328053396737,-0.7717994686382688,0.6712174638191005
145,0.653499315872443,-0.34714773427464835,-0.8852374775705084,1.0186138729053955,-1.06806811096849,-0.32638387845231054
146,0.8863347131278791,-0.18914049246795084,-0.28081331631716977,-1.293344131703098,0.9003437506092562,-0.7220111746477796
147,0.9377765742855786,-0.26459784882976195,-0.22133552976880216,1.232033724732246,-1.0859111906355536,0.7882527839484169
148,1.5612206350747795,-0.1919151110087034,0.689108549722907,1.7042694052501808,-1.0207546882840668,2.3982512701436596
149,-0.46744759253620677,-0.3952049767611166,-0.4528984838017769,0.87039035639999,-0.5315598346453442,-1.0871136522749836
150,0.8229927583535673,0.17962633009999238,0.4624804863830998,1.4012490294776043,-0.913426621125728,2.1212570122444014
151,0.17258712237800564,0.9144376261252811,0.930960419440267,1.3546723297344296,-1.19993266689261,2.6818369515555385
152,-0.31746028229654916,0.7153332395487031,0.44575086180236767,0.8385167348903082,-1.090034889205374,1.9649594987221572
153,-0.024520920764772386,0.0807019153855944,0.5948344065215863,-0.8859989793019328,1.2344395417481193,0.7200224097652045
154,0.5161157254270218,-0.08520240831490956,0.7766832942294684,-0.6279148799737646,0.9533972417030688,0.6857206574498653
155,0.35406793848394774,-0.41950026911073823,0.396846305967068,-0.9531513050175044,0.445092082446782,-0.30747240126150926
156,0.8251762449817215,-0.01876146115788145,-0.27319632075072364,-1.2897052767832582,0.9076539111725801,-0.8643424752755374
157,0.1695714270776571,-0.5525730722861263,-0.324284738081945,-1.2478568307820666,0.9515519907286626,-1.385826843399082
158,0.024969847104483217,-0.4554336985405219,-0.3376001549429418,-1.2519320754057146,0.6704335057448079,-1.5580078234206116
159,-0.3581010768381691,-1.1017436183338611,-0.9720039642177264,-1.6181262434797559,1.1113197759713334,-2.7458091979856265
160,0.25155381682852873,-0.3790926910515248,-0.28903394352256717,-0.9181190101635097,1.3128060969716784,-2.0761295400525555
161,-1.3144982979639233,-0.2822872912266888,-0.9818516431562615,-1.753810877964187,1.3135614525048351,-2.5288713831490113
162,0.47517350574700545,0.011013989031706079,0.5966663615071192,-0.7589438043424492,0.623139470383718,-0.29113768863295947
163,0.37508800296855593,-0.25405720209484217,0.7360231514092481,-0.8004896940250622,1.0094408818873024,-0.4400170983185722
164,0.3820867505411363,0.39122626444600916,0.5390794277148354,1.2897199761125138,-0.7158066603173718,1.37200211873835
165,0.6338642225245489,0.5143662788612837,1.3359536211660734,-0.782405807098399,0.4786733158526165,1.2195232645814944
166,-1.8369942891864424,0.0037959981375520362,0.10664696775089809,-1.6687361003504209,1.0052864670048673,0.03381970804131753
167,0.3151188328630062,0.061953346887587864,-0.45885370624182864,-1.5496088035713464,1.1850411309359685,-0.7588750726463194
168,-1.9008142153461958,-0.21339764058594035,-2.3332624064563303,-0.7132044766174835,-0.079829442665135,-1.574700753470131
169,-0.378558204000727,-0.19152702244624836,-0.12309607796803614,-1.297123979131462,1.5661230595595277,-1.474586158413692
170,-0.8057873452998252,0.03166131585424341,-1.2585421950428568,0.2887018849056782,0.019417646162781653,-0.952303497779639
171,0.6955190149853939,1.238440616755375,0.40896305142887457,1.2015353211713664,-1.2810048472458155,2.3687982113264208
172,-0.5292861151166409,0.3208037325070942,-0.07787567069101785,0.7206821918516737,-0.7777874290655438,1.944762567734861
173,-0.040141041210175483,0.1703648699058619,0.07456905072872701,0.9482611215620126,-1.0847621877640963,1.8348782927553158
174,0.16500338538272433,0.2315432538716453,-0.03538372503914254,0.871961918849704,-0.9486998460419432,1.1178334644935723
175,0.4114017884371409,0.12460863423999917,0.2764317254578602,1.0769281219628404,-0.9854788112311501,0.5871070787347028
176,0.09047320399469203,0.5497175664457336,0.8165473302523436,1.5681093869043632,-1.5121307834387192,2.0710821011647056
177,0.280859445929547,-0.5068595781618989,0.9463519857206826,-0.5987482955563136,0.5569094814591891,0.5825410843148449
178,0.07060813954866518,0.20652286856857938,-0.028327365180033436,-1.2431296170812085,0.48163901029587,-0.9531678037298238
179,-0.03405206626220543,-0.2520349524086986,-0.00034474802401430603,-1.4059998773227704,1.0385410659319283,-1.100031544896381
180,-0.3828883580311143,-0.35727392125127677,0.183469792376314,-1.37007541948276,0.6556293181627929,-1.4675406763400913
181,0.04567335076273502,-0.8613858913205495,-0.022970224493832247,-1.080595505102048,0.5369447495190836,-1.3468072907634656
182,-1.29468424765273,-0.362310425654992,-0.1491357621575894,-1.5303766568743875,1.1690369600508916,-1.705478437781491
183,-0.4632375646050346,-0.3001356103592295,1.1115439112457208,-0.6512683533298345,0.4649416287267138,0.426449267727671
184,-0.8186519438066586,0.014503711967569508,0.2505288273225213,-0.977141807155936,1.0264365664046384,-0.10672756968441845
185,-0.02902396519307649,0.39190972487730813,0.5314155383301558,1.2439985003535052,-0.9555988366535333,1.786716856343272
186,0.33668493372281105,-0.27517101310018144,-0.4203084842747815,0.8197046913077586,-0.5932111612837846,-0.21996755405545745
187,1.616840173693308,0.5132509663159837,0.8097759609380066,1.5685680585003519,-1.412736096213131,2.0846986939036976
188,1.4310118753112981,0.4016388785784789,0.575461103885222,1.313307638015795,-1.2156615018997303,1.7818508930775376
189,-0.2066701855449628,0.7906361643295126,0.5394040717856696,0.9326314258293961,-1.0070159699853505,2.090041851980661
190,0.6891392673976156,0.44911998124136826,0.2015258481684996,0.8553387035637205,-0.9699311011738402,1.5532880387140662
191,-0.14918111311194238,0.9430809463313815,-0.20962441246652347,0.48336752027209545,-0.8481207843996075,2.0305514641316025
192,0.5398073600050171,0.7265444204216694,0.2626801341637942,0.9291276155926614,-1.319467521452543,1.3416415747145256
193,0.5002749833279859,0.8511407581568448,0.7945816952732434,1.3953550180780514,-1.315036525605422,3.196061249257496
194,0.44818579269940356,-0.42918409948867253,0.8433554424426055,-0.6623523721886516,0.5643345013642624,-0.16246992967873836
195,-0.8091026562000269,-0.6236890654922529,-0.8938727847657624,0.5472613818044675,-0.7449012729695833,-0.5410218128087957
196,-0.07260973087544234,-0.7415470899619828,0.26641411334465703,-0.9658932450623627,0.787454599084875,-1.59495071135192
197,0.02644469178141877,-0.7258594251160203,0.7503717908219022,-0.6313741801185901,0.8050364634906811,-1.4226649457836065
198,-1.225708543436628,-0.021002989133376445,1.1222784166864566,-0.8996405821774562,1.0457672612162738,0.04432578161401353
199,-0.9567511005219406,-0.13752681695013322,0.9596432609378649,-0.8785873648316135,0.7724385417512181,0.5261670212338034
200,0.4008447454748304,-0.09157523618247902,-1.2104773153471406,0.3155850368069276,-0.20088517341357723,-0.3397741789986864
201,-0.22426118158751343,-0.4042605634940609,-0.187663939089953,1.1662518904967465,-0.8365608353818395,-0.6349842997823457
202,1.2088535978160684,0.4342151241081097,0.9890852367654683,1.666570633189998,-1.4509078230470212,3.4483055918596044
203,0.6631726569105106,0.4790289401245832,0.46382362668505883,1.244429387832217,-1.6029662289956528,3.5922856195967916
204,-1.073251730148701,-0.584651716337531,0.10916401205921576,-1.5342676101954782,0.5276700030729797,-0.46713082302435266
205,-1.0670010382423445,-0.3213474999016434,-0.6104289430467923,-1.7932641574820904,1.135016936998991,-2.3687443553652288
206,-0.4268680187842073,-0.06384332314999885,0.6561140276137127,-0.8357273644851535,1.7045331430621422,-1.5580769562188512
207,-1.0077065193467913,0.4448237138269471,-0.8206243686441359,0.26249898933541377,-0.19700847919111983,-0.6151578817405434
208,-0.5420085310162871,-0.48962224646516306,0.26376355593174294,-1.0185916463130225,0.6877871397367307,-1.375933260430204
209,-1.2603082805517039,0.07493903700652176,-1.0353920543808506,0.06343648941103035,-0.6577408150897657,-0.77317400997039
210,0.253048458294844,0.12140507620629681,0.297691646207494,1.031080618916677,-0.5255200722413434,1.2013190970665373
211,0.327390187159981,0.11708004333611688,0.7869733428388643,1.3775150553147406,-0.6381419926304721,1.3761382413232441
212,0.15082709008402645,0.34623781954099725,1.4210528447990096,1.9817033081412923,-1.3521035474009697,3.1834262823833495
213,0.8364706767020634,0.2772015312095664,1.0616422963844514,1.5718545311023693,-1.5277935986292308,2.9786135355124426
214,-0.13441749636382858,0.3870532015843624,0.7767059420133822,1.469528061156992,-1.2415509071141755,2.6789937534842787
215,0.5361323942086692,0.6125813530715488,0.8774063078715866,1.3569761721609213,-1.2849446812761633,2.365020441360862
216,-0.13852222469572936,0.017917956874591717,0.32790367697164624,1.0386553828498393,-1.0018759768176793,1.737349200606096
217,0.225025640666951,-0.013918629501941384,-0.11898594483278195,0.7803629632829044,-0.753733206233822,1.2259312200970667
218,0.8038175675701068,0.2824489692210215,-0.6121232176679261,0.6574712061291105,-0.8093950822594773,0.9986415240055647
219,-0.2577286790711347,-0.1370526743430775,0.5343299934977014,-1.0657680564795986,1.0030988450370775,-0.4558980683438291
220,-0.5536535779906392,-0.4501006850193741,0.8205440290575186,-0.987554529543543,1.1511552059808827,0.14971716569125523
221,-0.4275129275365533,0.11572261654542551,0.8637666880864564,-0.748379621900752,0.5227022890942659,0.31811455172027187
222,0.22646285223025825,0.4694540537646699,1.6927436848461195,-0.3107189109353738,0.34531932827999073,0.9848383518304901
223,-1.091726303127177,-0.39065636317197694,0.42715375130352795,-0.9352800966585144,0.5013114843436789,-0.23787332855127868
224,0.27690018308395276,-0.8763198619970559,0.25042523474244915,-0.9291854598896422,0.7362073582440993,-1.988682520983559
225,-0.47034873336778016,-0.8886589107947029,-0.5855638357650624,-1.7041233339561908,1.1184035207088134,-2.2758159110458887
226,-1.2273574600048083,-0.4890647554640455,0.7254372221498362,-0.7882106589672374,0.35442197328729363,-0.3462518339202064
227,-0.19503736999130974,-0.6632752337868371,0.9384860752645211,-0.46607520392508184,0.4687859387008899,-0.7120526583912457
228,0.022549487350616952,-0.09639477320699807,1.333795079444285,-0.3667969095813279,0.3557002019086515,0.16020101518580546
229,1.2228610082875542,0.1210724388869907,-0.5628916023159558,0.7676245384089004,-0.9379368819362801,0.7382750954439058
230,-0.989034653887915,-0.16496157939037673,0.8494739223802978,-1.0087080883421333,1.0795088225900475,0.40365105338353163
231,0.6435206676374339,0.05376529188896782,-0.3615942760911689,0.9156442543956869,-0.4420256813105047,-0.8615620345101176
232,-0.5749955581574456,-0.17020048962441364,0.1783352797387192,-0.9908285808073832,0.7905098518321654,-0.5982584385890202
233,-0.9690625714046296,-0.3701164370918729,-0.3255666909210012,-1.5440298810571769,1.2884082122744471,-1.2719034201205257
234,0.8961134030665382,0.45924821911268665,0.7817403992237273,1.2945882398580717,-1.002144873972704,1.9040221435963334
235,0.7877539499578323,0.4303589898506892,0.26087825185666325,0.9166089610079391,-0.9175440295408843,1.694286562569066
236,-0.0032529332270818047,0.28444148379349316,0.10354583786974016,0.9691901836025911,-0.9239265553820939,1.816428743470426
237,0.09387693150242901,0.9309325898033229,0.44222279392078534,1.0084978115449263,-1.0867885921775295,2.4968512858254206
238,-0.1300096071147756,0.02942254518670904,-0.4980980463622019,-1.6268751217824242,0.9172278786424982,-0.37907677181195776
239,-0.294434090361471,-1.0231451632616428,-0.9082989916344505,-1.5547766403670575,1.1678840822119028,-2.6861428459179173
240,-1.421618999002373,-0.6804140293194358,-0.3340933644538163,-1.4023005182658141,1.0643371871357445,-2.4521320479306996
241,0.7128243178723506,-0.37378089714421076,0.23485029914647848,-0.8024472595066666,1.2691454179928618,-1.6397551136818593
242,0.6492492470425539,0.06294133715334069,0.0959904299936213,1.3882002997231224,-1.2145253002836294,0.32404602701009644
243,0.800647339137032,-0.26997395855851525,0.07488834859471484,1.368747300220592,-1.099463990941294,0.6163417710506279
244,-0.776907735601836,-0.31863165646157837,0.21175876016750617,-1.0027493969505945,0.8562021561555055,0.09471936612187304
245,1.60993226940135,-0.03638296744575837,0.18738860994301354,1.250174711853799,-0.7278804150428303,0.40085040994647075
246,0.09123338550007944,-0.2987406223825839,0.357238301657636,-1.070365009502257,0.9865226148802295,0.09204206421305344
247,-0.5320852855059938,-0.5350977843933861,0.022983712648233613,-1.158992101983972,1.056505198564893,-0.5015278063745718
248,-0.12064656151820052,0.0783512268003355,-0.12515577484133317,1.0317947928561433,-0.6623809695880835,0.9560929101715976
249,-0.23523701384926116,0.05275965885914651,-0.18027230159914942,0.9819200704490954,-0.8460161346678778,0.8379608079518148
250,0.8450406200806467,-0.19849041256372746,-0.7419644453602143,0.687071805131981,-0.23402839552259488,-0.5713867445354232
251,0.237113542281978,-1.2667886541872886,-0.02068907770224816,-1.1659114241442345,1.6529686980989984,-0.263018784272945
252,-0.38819446775782607,-0.4029211469696899,-1.1337115872248549,0.4212548970751745,0.26309694012072415,-0.2617620974712576
253,0.501993300233355,0.014680756334385934,0.8279441728414443,1.5689821663119796,-0.9645141345976574,2.7001066624632815
254,-0.4472282773511972,0.3270630138371574,1.2655819780367856,-0.671595343537857,0.18113651349272042,1.9653280868219627
255,-0.8742243170754861,0.5352538713542557,0.7284261959197422,-1.2011369276853971,0.20985261472214833,0.2765598771452588
256,-0.792471526928892,-0.45321502909429384,0.5547654132338055,-1.2836759818488597,1.4556340523914264,-0.29224566532796975
257,-1.1362851974728323,0.3233299245435431,-0.19105043556461282,0.6320648349861,0.426632576118098,1.040232667496056
258,-0.7394054137236774,0.5862735326323065,0.4169800980099616,0.8395954594183026,0.1885274116571122,1.3583428167898461
259,0.1646086918378475,0.3397359729169621,1.1939107830257152,1.7929595345349174,-1.4546742140213254,2.258083435413879
260,1.087378096175172,0.3137384088117054,0.5235089808199291,1.0535044526804542,-0.5932991792804508,1.151543168394691
261,-0.7985209496499316,0.40262334464285077,0.5383249813922201,-1.1246636285962288,1.0451225656548058,-0.463077468525554
262,-1.1888273452914997,-0.3018222257517789,-1.3413365503604815,0.17417252365421138,-0.2879040772589352,-0.38375816130079005
263,1.9775719856748994,-0.3745566166420532,-0.6615495335873954,1.0820806546741015,-0.9054538195385664,-0.6078771582076787
264,0.716135222227552,-0.5179328054830148,-0.1982180376078585,1.3749366512792538,-0.6076205288185298,-0.24331117050190168
265,0.8183265226934227,-0.6324334818128472,-0.1432054317154724,-1.3263535866427,1.1496533710805334,-0.7361924264906543
266,0.3595619464481254,-0.6587874760150748,-0.2024321959990486,-1.1144406172735786,0.9240337318958328,-1.060630331107045
267,-0.31226054894271027,0.4412723372823406,-0.8252573998893279,0.5044141291085046,-0.6366650860407592,-0.4490647252569158
268,-0.311853853142207,0.4192858665389903,1.7405238305414472,-0.36012726687698554,0.46069241046625137,2.102047530593257
269,-1.3323504168122287,0.6349518745370952,0.9967782505058559,-1.1572864773561018,0.47836708591188926,0.48889704415199686
270,-0.514882076573418,-0.42326533291123425,-1.2940646566663698,0.3371077038979724,-0.5895424333562211,-1.197987364380273
271,0.08432845775931581,-0.6816073621594667,-1.2279512014951484,-2.001635701361104,1.4699060170558067,-2.6224053045529714
272,-0.201784079813054,-1.149893982171945,-1.225882813726412,-1.8571306849888936,1.5243427052712,-3.579620344974559
273,0.5637488513011473,-0.7693049912952348,-2.076466863277759,0.24537418301651848,0.1988818667896262,-2.3565163882216402
274,-0.19310503146791055,-0.48401961491910317,-0.09623973401652276,-0.9526525529039235,1.648694194804364,-1.8039938461209868
275,0.6439001965571867,-0.3737432793877413,-0.16529459872408403,1.1013115900731847,-0.7727077661589105,0.32112711300948804
276,0.5266211227348429,0.3937232279969222,0.7285835941237693,1.1919316694870525,-1.0126834826320148,2.3397528158943746
277,0.21705601974235125,-0.6207312445120254,0.20120450949572288,-0.942414898180838,1.5815737572910504,-0.45511426520924547
278,-0.7072388414995652,-0.729633360073288,0.21424557964354413,-1.1311676891831637,1.0843935662485955,-0.6892228150117344
279,-1.1400362428989739,-1.0418719408881043,0.023458170215908448,-1.3747781011109104,1.0862307409695147,-0.2838595322768033
280,-0.8479087041197514,-0.3912004606315441,-0.17478466421358657,0.6108068838177552,-0.17973458070300344,-0.08157496524518526
281,-0.7230928440388099,-0.3655100084387274,-0.0492401641583539,0.9037089761676046,-0.8354543818808585,1.21816125076704
282,-0.2594524748877833,-0.5197661187965782,-0.3116075886675662,0.7143673641197185,-0.6017938609128953,-0.047514413058783345
283,0.7336728223561815,-0.19386373494562875,-0.80415374441871,0.782168408026404,-0.9208828614119967,0.38415269301070176
284,0.5760030152742058,0.07162607968769688,1.1985847770545532,1.7625048091251818,-0.5075695872542801,2.7066769955992838
285,1.0681630762459213,0.7441293474590864,0.2803951658920142,1.125715088736709,-1.2981210806604724,2.1016137065831644
286,1.145013323441599,0.9887818009711933,0.8409988306731067,1.5391379831673109,-1.3468685342457076,2.193767902279823
287,0.19983597557213065,0.7033108524508258,0.6282605125869034,1.0875445630583456,-1.2351297068700207,1.8162926315109003
288,-0.9234672052384273,-0.15215519175165548,1.3234657866207198,-0.9941333988049492,1.0284424609076304,1.2147570232118026
289,-0.018189592846929795,-0.7401882861990248,1.045592856068358,-0.6642588190689134,0.5033453929007231,0.239264157998946
290,-0.6291689366710855,0.22945261702786984,-0.006772288208225962,-1.1524052553677402,0.8613065214166531,-1.7860473502052483
291,0.15233405466175565,-0.5083340594917697,-0.9722235758610979,-1.7080299844280757,0.8874416116171187,-2.4136225823957442
292,0.3217766947609746,-0.5823679657261149,-1.3508448398297115,-1.9451388684347923,1.2324306884373355,-2.2581454502637897
293,-0.9194843198251245,-0.8741172195313962,-0.5450635329950991,0.8270117747612272,0.42010965819362034,-1.5551660209034033
294,0.6424995606696152,-0.5904446052166262,-1.1055763068395204,0.6100221638716055,0.042503745281404236,-1.5129225747644188
295,0.41232471592042486,-0.8803155376712372,0.40969016196018593,-0.84555810312956,1.587802423069141,-1.0321242111277198
296,-0.20174287197306198,-0.43161498313229346,0.5699129372342127,-1.004195300252977,0.6290211714386444,-0.18971802309304145
297,-0.4709762366402185,-0.08633463804443633,1.6446864624105801,-0.10032831493268975,-0.3749316168893556,1.5522588023230521
298,-0.27685842580297343,-0.04779908357864821,0.8280227662739204,1.6517325102734002,-0.8737974233500048,1.8475439580674935
299,-0.2833532981728615,-0.3891375928063635,0.2763456994720753,-1.1092380060020999,-0.029155867624274693,-0.18238785415160275
300,-0.006667725142866232,-0.24276324408552977,0.08875402414657162,-0.9872197026491712,0.7726200895499652,-1.661418739550038
301,0.2787527427347762,-0.6467240713869945,0.4241468502055374,-0.671557670748308,0.8346186391886983,-0.15671634345324975
302,0.057343860731901806,-0.22909691062882742,-0.47729524915273625,1.0022860548146963,-0.1424015721662608,-0.471323307976199
303,0.08736824881422481,0.22039196252157048,-0.237712214203883,0.944879809732344,-0.3935040714412371,0.1856820958544058
304,0.7138800625146046,-0.7712815226213674,0.20564012807593612,-0.8047439428098636,0.8374591295019558,-1.4129083775519595
305,0.13841748747089244,-0.09954184149154235,-0.23957781146907942,0.9627324338440455,-0.665921190527996,0.4245788471196508
306,0.2699110878807305,-0.4301911094907606,0.168705328963332,1.2281836950868,-0.7163910275336969,0.7608617330353004
307,0.31911623682972456,0.3532620052006675,0.12675440556967155,1.0410816661472209,-0.9398425597022367,1.3152820699815897
308,0.20670370104360672,-0.3075042346604524,0.6920987340715716,-0.8262737553149688,0.5659203015435902,-0.5632489646349814
309,0.5226993829429468,-0.06829381882222547,0.4653752561594565,-1.1395905755133733,0.1406730622286959,-0.3738121917049095
310,0.1260384257895573,-0.12924263164442126,-0.7791323718579645,0.5477074495882411,-0.19331976334113035,0.2580757373942591
311,0.4075231751508284,0.07500869290848619,0.38590414507190585,1.122596127770165,-0.4477226962808371,1.4280666650591525
312,-0.6509800458534489,-0.15787820169443384,-0.1925781372204048,0.4798193287250378,-0.7882290273149622,0.9525223678935265
313,-0.4210384516784442,-0.2795064703203408,0.07178493244784466,-1.5102920869876504,1.096558464078219,-1.663755673192637
314,-1.353316533957578,-0.20234734461251366,0.20002851067006522,-1.1964777698004823,0.8405994129489035,-0.7770845019542882
315,-0.4166123764304498,-0.2738417099940553,-0.03549136517357866,-1.1754971097901101,0.9690576701956646,-1.3514203055369591
316,0.07499357572277272,-0.58796414817216,-1.0722889472223032,-1.8145798832385742,0.9335821685401267,-2.5209052713958187
317,-0.5370321378364139,-0.9659219004696163,-1.2586511253569383,-1.8039828120122336,1.3052792932608808,-2.1623667111977696
318,1.585307423451057,-0.24865824512343665,-0.676052963497103,1.0143478634664316,-0.8811833460031964,-0.26939482829342026
319,1.1224642567350986,0.6035446383312931,-0.05184706120902503,1.1244557031493632,-1.0296726292873404,0.506433380764163
320,-0.21604925197269242,-0.0007668147076915258,-0.13792727274431843,0.8796292044283043,-0.44654600567375125,-0.1677613519349059
321,-0.44465983969101114,0.3588636548112341,-0.03403658246005824,0.91554463116313,-0.04717288708951715,0.25448736031774927
322,-0.9035931339045908,0.034296336966422154,0.2275368224122874,-0.9952117689023546,0.871344631608105,-0.20010975660705346
323,-0.011320302862947664,-0.6388136647997341,-0.5211510541330217,-1.4593971191517034,1.046966030530389,-1.6613913502396986
324,0.670806660866079,-0.14666575207713703,0.3378908719914322,-1.0002875097286268,1.0314630107500193,-1.0334501423611904
325,0.09495677189924387,-0.03157940940420501,0.14800645261929635,1.3501874788186814,-1.230400311544207,1.4641216274080788
326,0.513052054777801,-0.425677647867103,-0.9343566031520886,-1.937233160917936,0.959535778983141,-2.2130664291222226
327,-0.17212415067173176,-0.8023096610719136,-0.5190386367974088,-1.5763364296337905,0.8711453314080132,-2.7573124333341994
328,0.581256910580323,0.46188784932283705,0.1216469492052439,1.0829878154911414,-0.9806467140239782,0.7182198308817249
329,0.2809668658739821,-1.0373167076771084,-0.6307932948724094,-1.6651542869308213,1.409131165041825,-3.1217122737414043
330,0.6977446627860524,0.23354044118069997,0.12127541131617593,1.3979937449350903,-0.9219194201288371,0.2725635346165806
331,0.3322556961766956,-0.46898268207629523,-0.7788071429573887,0.7988158347226342,-0.4829875706628963,-1.8475309379566256
332,0.21690415683289763,-0.16555242187064284,-0.7024503808411275,0.5717700059256449,-0.7439916649294824,-1.3676410966672161
333,0.024397735102812394,0.18242770327623087,-0.6500372363490468,0.6962414997670512,-0.6175399708261019,0.12896204709764358
334,-0.37322546774099,0.16321533638643465,-0.12799583877077775,0.5879341814758166,-0.7667251778106654,0.30329474465384876
335,-0.03440027373112599,0.33208957341676926,0.06936172353936644,0.9270295607390312,-0.8191330749147095,1.7281463206444154
336,1.0374462209690167,-0.42139654936669835,0.6638766497975574,-0.6237435848245897,0.5095648885154315,-0.26242464358877743
337,0.265461037459173,0.7339519312236945,0.9955201503177913,1.4371741480016298,-1.413174708109041,2.929567447521438
338,0.5293687102232578,0.9082796906193163,-0.24354507018896582,0.5371110390459154,-0.6818532272760616,1.075356743916956
339,0.5960344467738021,1.070833267242104,-0.5690564228758553,0.36057610457104894,-0.5588075575693714,1.0674866407280337
340,0.14302242510718974,-0.11615248273649584,-0.8902370048076773,0.5012596891552363,-0.7326423412692985,-0.5523842845099559
341,0.2959688290883828,0.1405806876246922,-0.042050732341349026,1.1652164510535516,-0.6253877479493187,0.5857782390643498
342,0.006606545715665144,-0.0808249169573481,0.18266208005417683,-1.1987947517853417,0.6614863868203956,-0.9864814966038834
343,-0.894024369774206,-0.33380727413517763,-0.18490504385151896,-1.3828841515117078,1.0083146987410234,-1.0941379725528695
344,-0.2789024637578303,-0.18162800867935003,-1.3259813066196933,-2.1142993243242616,1.3849737381760596,-3.2907301682525976
345,0.0730448324161598,0.05057111969923738,-0.42130113998418495,-1.0939983453179605,1.8715825815032814,-2.6147899965663917
346,0.1632474831888896,-0.22242607850171586,-1.0206308423534158,-1.7944731563975183,1.5198382375016146,-2.6442032991296744
347,0.30147941371637327,-0.7248131815739629,-1.3991434402111516,-1.8342951760680535,1.7461674461167418,-3.9998039819371325
348,-0.5494313315722157,-0.22734966363744655,-0.4921897979521951,-1.3207884892974346,1.3978389368263198,-3.3251631297034465
349,0.13717536134958636,0.25913889699290843,-0.15979278035410205,-1.420911826408891,1.3095244303144387,-1.0858172863336701
350,-0.1325050318640364,0.45243007773243116,-0.7043763080654446,0.6279943168311817,-0.5298023254710406,-0.20773376344056216
351,0.23761613043429944,0.7614780946639318,-0.2541841610573938,0.7957797123193651,-0.7301035532923887,0.9910491992012835
352,-1.1806787847443698,-0.3743297634265883,-1.2573071035735952,0.1269973247855108,-0.1213425962233213,-1.3393306055667513
353,0.008239991330798167,-0.5582551448334128,0.12198799805882808,-1.3903027289220498,0.8336356449988678,-1.8402565512786113
354,-0.9951652341757323,-0.3046303324769085,-0.5858047248008914,-1.7744144411099918,1.2916753347733796,-2.3058617328628284
355,-0.40283815870570433,0.21039965118211923,-0.01704577222217397,-1.0393647180140528,1.0292949056497531,-0.5376284450095797
356,-0.06721457733329678,0.2743218260515916,-0.06242225251707083,1.085308370183031,-0.47143564394496545,0.9318937117636243
357,-1.3757640904752626,-0.18973484631331078,-0.8374288008200509,0.4096457683670673,-0.5643371472735501,-1.5386900940270427
358,0.3978527194920234,0.1979857781080155,0.2427536556491533,-0.7963856939964753,1.0083909517211238,-2.2084304311664287
359,1.464492187981183,-0.5730828002227812,0.18515173133313279,-0.6078911067683355,0.9238392050915728,-1.3586139505560184
360,-1.1549549615459185,0.5106163525181564,0.12027407298107752,1.00617647123116,-0.646015120913262,1.2432327338103615
361,1.2775520015854984,-0.04156822066517648,0.5453521449535546,1.5533030664123944,-1.147284055595867,1.9593395279821635
362,0.4224468661777146,1.2065527209853695,0.7617191070961771,1.3350818528942296,-0.9383480803772304,2.879048596639653
363,-0.3628989950562389,-0.7185697229103059,-0.15187886989145416,-1.2898445548574082,0.9995335973401214,-1.153707350334698
364,-0.5212286896973809,-0.5264874108683814,-0.7737612742832886,0.33426071433834253,-0.15889483200294327,0.38424531823132674
365,1.294075620744524,0.029699514671123597,0.7022190812610647,1.583212269570603,-1.0507069728329563,0.9948011641584268
366,-0.9144983799285004,0.576339842071412,-0.4612924136620538,0.5895974224129165,-0.11203513921051186,0.4422175695261514
367,-0.4080391501727499,0.0434096821928537,-0.9187907971121244,-1.4864141756835922,1.743890171230297,-2.3647278817447646
368,-0.44484510097861996,-1.3045128196287443,-0.9149278679559295,-1.7693836310494302,1.964482792043846,-3.0153210818595797
369,-1.1416093861652838,-0.8848710511125885,-1.8562749183573521,-0.015399690524621713,0.08727055144277765,-1.8942578700406878
370,0.11738338202704268,-0.5777418070137322,-0.005068854808194422,-1.0930732935473013,1.0930911252194557,-1.464355669374236
371,0.8255156573157596,-0.623732956127799,-0.1162795461618115,1.1576434015547636,-0.7302416267190369,0.6552895448593006
372,0.9261795504141888,0.08433228188284363,1.026542573053121,1.8444399194741983,-1.364794978592657,2.4548413378946985
373,0.4940027762656386,0.13615942043800255,-0.5354684350781339,0.8705241897852195,-0.6879510012844801,-0.10223759381653864
374,0.11213815834364813,0.41444977501042085,-0.06416515484084818,-0.9990126332325718,1.049869305843896,-1.769202738668261
375,-0.27743462009079173,-0.0645630201469825,-0.5618883480521945,-1.521146346873573,1.147757534034243,-2.252250197613185
376,-0.316615410840532,-0.33943158818897373,-0.6197253825233334,-1.7206709223361718,1.4579428918969255,-3.261056453077475
377,-0.7447528548981055,-0.9204658057917946,-1.1745687015633532,-1.8301029215532012,0.9329254913525288,-3.335885985475532
378,-0.7422447195867427,-0.5682358267171677,-0.5337800914915879,-1.410833380301795,1.5314270221185564,-2.5825533195411334
379,-0.6942893717024954,-1.0715055301330076,-1.2007888831582842,0.4998111282490868,0.25574777883603117,-1.1769782752264413
380,-0.23140680668508878,-0.1037964763838157,-0.41137570898729897,0.7071640698881655,-0.10689333145480093,0.6920607082969878
381,0.06637803591431471,-0.05189588289766734,-0.769455783808727,0.5617021667110117,-0.31934631352845155,0.17927694429536245
382,0.2682200290280437,0.02940442725115467,0.33611163746821493,1.0846367768174079,-0.7615616461555662,1.3124679415277631
383,-0.6830507590947215,-0.38503954464739365,-0.30972027286321235,-1.781466993507645,1.0710294254413877,-1.0808639032939549
384,0.2192542555648467,0.13770643077517802,1.2177213903633302,1.7366727225725116,-0.5886147485122463,3.1436082698129617
385,0.5154738121138678,0.38227564412115944,1.0337704726070482,1.478991405943318,-1.2457263271337495,3.3628617154169698
386,-1.0802145335652007,-0.27730422724584836,-0.34529426915990113,-1.5605403335522354,1.136449203433624,-1.4262847358836277
387,-0.7566888936036789,-0.12277460374783074,-0.3692106783570369,-1.3980134382325453,0.8517890092402415,-0.9344091496475486
388,-0.038998918592625206,-0.6828590684849299,-1.2819795860291867,-2.050990587351032,1.2873151606279158,-2.7608704497195777
389,-0.4544344618241985,0.4180582125618989,-0.3029796019762946,0.8293516417861061,-0.5486915283780475,0.3247001517615881
390,0.32104998739181223,-0.4129048904573081,-0.240191424183116,-1.17705304633444,1.2960227881904591,-1.286144290464187
391,0.6709552842431847,-0.13294673225469522,-0.17183199080831357,-1.2268809547766002,0.8986624282896516,-0.08883189686171925
392,0.802188529432854,0.10236879531202107,0.16576536176051537,1.1369803630956803,-0.94287996351767,1.1438809559922383
393,0.1184387436501186,-0.8719899397985474,0.5351876160433071,-0.7430888936316303,1.1960319006906839,-0.40151131874989077
394,0.4781929147708124,0.12348778667304329,0.5271098632532774,1.2840017755241941,-0.7272940554883094,1.5956655911533977
395,0.3502503168935593,-0.2666058992597998,-0.12044562494562776,1.0948490563097335,-0.6960502209905843,0.8006079667787427
396,0.47256984671789026,-0.33734427520273724,-0.5290151263142678,0.8269750844766275,-0.37751575714982144,0.8906690977199037
397,0.16383434438490052,0.09653798622661197,1.0439999270541198,1.6273951954439287,-1.1834573240290804,2.2531488528942134
398,-0.5020336393709901,-0.462473376323527,0.46333553367017094,-1.186318117101788,1.1107544716758122,0.2111292191542776
399,0.759194812010532,-0.1720845814445426,1.1787236857110568,1.8277644455344064,-1.2368125193751356,2.2703625996922283
400,-0.651967170677547,-0.8054364280395053,0.32822326383045647,-1.147577800225475,1.2774096602636633,-1.5793792580869017
401,-0.1281355408340861,-0.4019098749087999,0.5323262422729664,-0.7515418816613294,1.0602596759543634,-0.8710548001887405
402,0.6982621525820393,-0.30834638873155706,-0.138494096030627,1.1212009792795234,-0.6139607510807148,0.3433436496182425
403,1.006058782287589,0.2028425858498352,0.4358965464793405,1.435181161069477,-1.2431815753206,1.504511615224175
404,0.26286898325720554,0.6729730342093749,-1.7359271742128741,-0.03669776084631466,-0.15430245402965728,-1.7813132028276402
405,-0.5046320008284311,0.56106494075502,-0.5499746248486929,-1.8400101833064533,1.2354208090385395,-2.1242894457121815
406,1.0794882974699167,0.9184268004833231,-0.857818432926174,0.4479785722319516,-0.15379394734960708,-0.8846255642901136
407,-1.31130702756171,0.19540181995127545,-1.9186700243246224,-0.5345379378203287,-0.34791159211363015,-1.0282295096455325
408,-1.3901728428242899,0.5856684789147426,-2.2215637742417034,-0.6815239287982943,-0.4737860968258722,-1.2546963278727152
409,-0.682664797931177,-1.1181660530045952,-0.648652074838561,-1.5150848813747222,1.4280440841864166,-2.3111413353366004
410,-2.1944330894172968,-0.2763757836823363,-0.060827848720869784,-1.4285647035950717,1.7794096424846313,-1.945161900618204
411,0.9202204051388316,-0.8487098433987503,-0.21346087179006767,-1.2541151089329927,2.0482577855592754,-2.373619358021652
412,1.2104167679999844,0.717003300437203,-1.4503300567651511,0.05657243793893179,-0.30459766316430903,-1.5960585356953925
413,0.8495976596022994,0.25438965393687746,-0.9008155817255915,0.5451246015694027,-0.005006865185863552,-1.7267925980694852
414,-0.03824555087405044,1.0180588319868071,-0.3630956884197189,0.6779177251850077,-0.8254789186911697,0.5260547649698822
415,-0.14831229982684677,0.7097781306446733,-0.0351335199697813,0.78087564057673,-0.23599059470745917,1.2955679512150198
416,0.4252674809621655,0.018539930000470203,0.9983961701968537,-0.6614314099707554,1.0650989509867221,-1.3989379878763484
417,0.7400385333920394,0.4568028517640867,0.705342594112009,-0.7616562523554723,1.1811052399144484,-2.0807856296020977
418,-1.1587785696073705,0.2617893465898108,0.23248643942598773,-0.9718174156975817,0.3371287375977044,-0.5095552798795548
419,-0.8906001690634354,0.0545467106482106,-1.6681468616285757,0.041363165983185284,-0.2020074815923246,-1.0598561539034543
420,-0.5423217143171535,0.5806548052575807,-0.9296310540343852,-2.0565838144025568,1.040450294262887,-2.166426100645204
421,-0.5019796486849629,0.12751164996679049,-0.48730780405391544,0.7886093205816898,-0.9399631085995572,1.3813870938724868
422,1.4882313376546454,-0.12757418653942026,-0.25119284378371814,0.9819069308907276,-1.1101411751799388,0.31174730310754317
423,0.4415445652926928,0.7979137983085244,0.7683252636916753,1.3757255470802725,-1.4732613863576656,3.1636781911753284
424,0.14828678564192735,0.5268387727139454,-0.022784760358978348,0.708861659625034,-1.2237842581773681,2.697510544338633
425,0.24018011224816546,-0.10250146953658074,-0.22005412931104829,0.5042148500337365,-0.9957309195950317,2.952488647777332
426,-1.2996954079026777,0.20269762421783682,0.23519210111333905,-1.3510841748559843,0.8555101093385122,0.8019426928643114
427,-1.5306960295990542,-0.07111681763929892,-0.920268107290488,0.06745826408299464,-0.07865839149175965,0.6546812939805133
428,-0.9740869920947867,-0.37732820205623635,-0.2226229724957458,-1.353130631739821,1.3234671807411045,0.6325611844964205
429,0.74031920788976,1.2844504034052888,1.1720844075834824,1.6365020108234933,-0.8874087374128485,2.3819058708785876
430,-0.5916618287031893,0.19949206194234367,-0.38217642802200064,0.6125368592027686,-0.39203164233404336,-0.8079878550455684
431,-0.3011416633870681,-0.43881574591048217,0.01376576221366245,1.335626111313903,-0.8916928751877758,0.24780896763154509
432,0.3086723999839329,-0.005042097956086266,0.4072002216884073,1.1702576135873277,-0.9685378354605765,1.4382001798127273
433,-0.8854974004987665,0.7907332043605774,1.0268902258427584,-0.9454046960464836,0.3762977481463972,1.1192377755546816
434,-0.16187627095890636,-0.24420949772141876,0.3327836002293212,-1.2258260879280642,0.9228055567885621,-1.2344927423352148
435,-1.3412941506211948,0.5355079535216009,0.026837682331856672,-1.2250410710875015,0.9653674660760595,-1.029083295362203
436,-1.8464217791481525,1.0255976832973068,-1.4310572296761235,0.5125541971291234,-0.7999220126526592,-1.3434715864569886
437,-1.0479355545360354,0.5074061410702765,-1.3686798664346207,0.6150438740735191,-0.24385537245609326,-1.1095116115628103
438,-0.7504429912615012,-0.5557201843048998,-0.5877359180182438,1.1312145053844203,-0.6473218588153696,-0.1922994393431808
439,0.039829661056181645,-0.475537741244848,-0.5409314572247433,-1.3486123989617442,0.9374910100612961,-0.656319075379437
440,0.5489165872493778,-0.44693134074989205,-0.0731206498543109,-1.0604353083093085,0.8252368798664201,-2.725779642426692
441,0.32979740705463373,-0.2093822695242247,-0.7112736828919458,1.3917584374786285,-0.5110327749489487,0.2764375642825398
442,0.2660158834499287,0.19927354241826167,0.7521286175857149,1.4927609656240624,-1.1657272891157264,2.3437276940047127
443,0.20526277575684113,0.5636599828430066,0.20517076016872426,0.8243916995531624,-1.3341833647194679,1.8587044187998585
444,0.017594790737716873,0.7238215623229751,-0.08038825874671011,0.6390549674378048,-1.139179538778017,2.4218138626408936
445,0.021679262026832728,1.082330557005421,0.4915242074192867,1.067252333616857,-1.3123870795727182,2.4046697008184226
446,-0.22887255146760296,-0.08203198516861268,0.9982267335910786,1.547009858730131,-1.4575364282339716,2.7549454114095107
447,-1.0161720237394543,0.04918848439816984,-0.35973408850204897,0.6806302307342067,-0.5267804519308443,1.5201574067340755
448,-0.6341207947259327,-0.8941340074397932,0.19846766955264067,-0.9903550552186525,0.5728197962237608,0.5471130683287528
449,-0.6535904573919828,-0.7014528563234808,0.4501779561599018,-1.2556938642741295,1.404656035024099,0.9454560015051136
450,-0.16369932310476326,0.6103407546795495,-0.6854818739721418,0.48664545484661315,-1.069471541803949,1.4583422455685748
451,-0.06991866977762594,0.12188790717070579,0.4290571905566294,1.1457251180774575,-1.046972225088784,1.8242988466593486
452,0.9545918745229259,-0.4285761048086356,1.000596676500035,1.69535248340961,-1.2969170465556175,1.6791821845725696
453,-0.22827969027692174,-0.016748585038128573,-1.1872046959329492,0.2380107751245264,-0.10674516094725336,0.6103537838391734
454,-0.8390164326307278,-0.02830516658376001,0.37841897648901857,-0.968161666038306,0.9621780167855469,-1.0528163842232674
455,-0.17468497459479856,0.07571396207642685,-0.8157670454070024,-1.6118005263699597,1.0643491687618742,-2.1445545839905553
456,0.04027937871391709,-0.6618126061312131,-0.7552493483961086,-1.660836018838049,1.073032685727113,-2.5587680114773286
457,-0.2511315927088416,-0.9873555867407567,-0.7167038698846778,-1.4824468961367292,1.160189838833381,-3.5725653083890556
458,-0.6841827357450222,-1.1919704441071637,-0.8132047712237861,0.7389159112109719,0.18769995239205542,-1.078942255549576
459,1.0140213588555216,-0.06469526245623856,0.28489754828396685,1.269096985561368,-0.9730089939802583,1.5199100756513317
460,-0.4647068203107621,0.5282219156341134,-0.32032902685003456,0.4871360327222959,-0.3537992589206911,0.8974544698042928
461,0.46578369517685647,-0.4255443670518377,-1.7029874349368554,-0.08725018199192087,-0.5757387625774697,-1.9991794586047458
462,0.24821260063522366,0.6322012394966171,-0.041535037516088016,-1.5390204672555785,0.6446037489726639,-1.1503065898349736
463,-0.36306161604581705,0.2167955371849855,0.43845935168088057,-1.1049381070729236,0.4783965882355572,-1.5510206915035585
464,-1.0945010540219007,0.3203806148446368,-0.8906413752359986,-1.941072483659579,1.4345628688662349,-2.7000596520413778
465,-0.9143602521933366,0.36219637934504667,-0.5010211599767477,-2.2063273428652455,1.5611755328166246,-0.15541299677428239
466,-0.5613033412720605,0.18208348122641949,-1.0307268556379576,-0.10116739016798522,0.10159041271124084,0.6961670981654634
467,-0.37853581367933176,0.8494161580642741,-1.0176779442385664,-0.2290785073318256,-0.0736512824319567,1.4729181307540407
468,-0.6044799411340672,0.6582662648358231,-0.032693442158099426,0.7587249895177426,-0.7367124949594421,1.725515967670141
469,0.829535514357424,0.1044320625283654,0.23848615931637462,1.2233809544912801,-1.1482896898448252,1.2391136298569694
470,0.6687171609286708,0.21437356185388926,-0.2922251093227477,0.5161411108658681,-0.9969117434467772,1.5639996596671544
471,-0.6198784118392092,0.516091677041607,-0.5026915042931427,-1.6992455746047053,1.0863224580994508,-0.32779042184160795
472,0.2199511113493112,0.07508813390971203,0.2996346988793983,1.1991029325010494,-1.2907134056186758,2.3105569586294665
473,-0.7336258780111695,-0.19021583727567443,1.0959307249635837,-0.5808138816294985,1.4496023662409125,-0.9144941965554746
474,0.5825340608696827,0.5893596367356632,-1.2212391634392423,0.09561046959274182,-0.7457550394936187,-1.3900547414207525
475,-0.12338197541336152,-0.2306986466293101,0.10031751930190157,-1.42648523298873,0.9504386749631415,-2.1623689679930793
476,0.6740392930337659,-0.3371710276408575,-0.30810506526969417,-1.4407886118030144,0.6985905928333785,-1.8935147804064878
477,1.1418249090095842,0.07306345646771277,0.3604827061815866,-1.180784082878164,0.6493421367117039,-1.558937743627025
478,-0.994475743532345,0.24463949721361838,-0.24606709149749617,0.6453278227459539,-0.0634358561328244,0.43177029828730695
479,0.2192369750732566,0.29384737473271055,0.3780294393297994,1.1211200652321167,-0.7236196380051748,1.1542204703035106
480,-0.20103381363399142,-0.3946425526974419,-0.5271024506285209,0.5837603536607368,0.0595300780700593,0.775408548603333
481,1.334201547959338,0.4933102263494329,-0.7014710893305443,0.642447705549941,-0.5564341884327736,-0.2729159638004653
482,1.5155304244645704,0.3439797884224835,0.31333601074536177,1.3878330634125582,-1.0198082204290602,0.22853725506781788
483,0.24903446759095807,0.6832638608357526,0.9144077365716092,-1.3275777476625705,0.7019719740749675,-1.3899009525906123
484,-0.013360133543338957,0.6608820254970237,-0.4147754074372577,0.7965180976690778,-0.45030041502192564,-1.050406044440487
485,-0.7087512092301996,-0.3666508705137966,-1.3064447791352203,0.2493594961968093,-0.024268059573078517,-0.6822242903478618
486,0.8870105458312022,-0.05588005397605702,0.06314347716724687,-1.129027067464925,1.33396661092889,-0.8418559715430403
487,0.6363498858729673,0.30859497883704373,1.195347967508525,-0.47061923760991736,0.18615965498044607,1.6316403533093506
488,-0.21548814655162452,0.42426532643193543,-0.4238136478280664,0.8962043369153485,-0.9195035677471638,0.752492513579631
489,-1.39913714007534,-0.19554052938301858,0.7349412769762524,-1.089481789496976,0.1691459748788795,0.030772190719454032
490,-1.714448045137097,0.14585314427900709,-1.2989215712052415,0.1688331094383116,-0.48192193055542976,-0.2797887170212892
491,-0.5750070828188982,0.4441070496601473,-0.588917225226529,-2.18088362075362,1.0059369505683138,-1.4670196921673346
492,-1.404969287708296,1.0817738080802444,-2.0525252524011535,-0.8242910924420063,-0.5173902524698863,-0.7335896838004864
493,0.3490126894220667,-1.3478221281743208,-1.492158863388164,0.07949493751418373,0.19537196780260827,-2.731095275994948
494,0.590764774186714,-0.891096638575112,-1.8327433335224266,-0.22672796101060005,-0.28746603747290145,-1.7557006534122162
495,0.8853128878757941,0.8090986239371685,0.34944082661536924,0.9801759017553547,-0.4334706694170223,1.6084383502941642
496,0.6053515706532043,0.38785451434620566,1.0942110185189902,1.5407814998046565,-1.19229494684889,3.4835271963251455
497,0.31914716078070227,0.6660883833879848,0.6783638595268315,1.2927464729697955,-1.6880505533504793,3.0716287810254532
498,-1.1091139271191215,0.5887734329271737,0.6069648771171023,-1.4184860224799596,1.083241577996024,0.649473940380576
499,0.04109455098767729,0.40291687229113204,1.7599239004581557,-0.29005521179227567,0.44112132586444674,1.6720665074182979
